{
  "formatVersion": 1,
  "database": {
    "version": 1,
    "identityHash": "7b771b4ffd5447a467ed5d0a8bafd822",
    "entities": [
      {
        "tableName": "Item",
        "createSql": "CREATE TABLE IF NOT EXISTS `${TABLE_NAME}` (`itemId` INTEGER PRIMARY KEY AUTOINCREMENT NOT NULL, `category` INTEGER NOT NULL, `item_title` TEXT, `create_date` TEXT, `purchased` INTEGER NOT NULL)",
        "fields": [
          {
            "fieldPath": "itemId",
            "columnName": "itemId",
            "affinity": "INTEGER",
            "notNull": true
          },
          {
            "fieldPath": "category",
            "columnName": "category",
            "affinity": "INTEGER",
            "notNull": true
          },
          {
            "fieldPath": "itemTitle",
            "columnName": "item_title",
            "affinity": "TEXT",
            "notNull": false
          },
          {
            "fieldPath": "createDate",
            "columnName": "create_date",
            "affinity": "TEXT",
            "notNull": false
          },
          {
            "fieldPath": "purchased",
            "columnName": "purchased",
            "affinity": "INTEGER",
            "notNull": true
          }
        ],
        "primaryKey": {
          "columnNames": [
            "itemId"
          ],
          "autoGenerate": true
        },
        "indices": [],
        "foreignKeys": []
      }
    ],
    "setupQueries": [
      "CREATE TABLE IF NOT EXISTS room_master_table (id INTEGER PRIMARY KEY,identity_hash TEXT)",
      "INSERT OR REPLACE INTO room_master_table (id,identity_hash) VALUES(42, \"7b771b4ffd5447a467ed5d0a8bafd822\")"
    ]
  }
}